%(gouv.fr|@getgrist.com|senat.fr|insee.fr|@ac-%.fr|amf.asso.fr|amf-france.org|assemblee-nationale.fr|clb-an.fr|banque-france.fr|caissedesdepots.fr|france-services.gouv.fr|cdc-habitat.fr|lecese.fr|conseil-constitutionnel.fr|cnda.juradm.fr|conseil-etat.fr|juradm.fr|juradmin.fr|ccomptes.fr|crtc.ccomptes.fr|hcfp.fr|legiondhonneur.fr|cnr-elysee.fr|elysee.fr|clb.senat.fr|crce.senat.fr|crc.senat.fr|ecologiste.senat.fr|eelv.senat.fr|independants.senat.fr|lrem.senat.fr|public.senat.fr|rdpi.senat.fr|rdse.senat.fr|republicains.senat.fr|senat.fr|soc.senat.fr|uc.senat.fr|afld.fr|ancols.fr|anj.fr|arcep.fr|arcom.fr|autorite-transports.fr|asn.fr|autoritedelaconcurrence.fr|cada.fr|cnccep.fr|cnccfp.fr|cncdh.fr|cnctr.fr|debatpublic.fr|cne2.fr|cnil.fr|cnnumerique.fr|cre.fr|csa.fr|defenseurdesdroits.fr|h3c.org|hadopi.fr|hatvp.fr|equipement-agriculture.gouv.fr|dcstep.gouv.fr|reunion.gouv.fr|ain.gouv.fr|aisne.gouv.fr|allier.gouv.fr|alpes-de-haute-provence.gouv.fr|etat04.fr|hautes-alpes.gouv.fr|alpes-maritimes.gouv.fr|ardeche.gouv.fr|ardennes.gouv.fr|ariege.gouv.fr|aube.gouv.fr|aude.gouv.fr|aveyron.gouv.fr|bouches-du-rhone.gouv.fr|calvados.gouv.fr|cantal.gouv.fr|charente.gouv.fr|charente-maritime.gouv.fr|cher.gouv.fr|correze.gouv.fr|cote-dor.gouv.fr|cotes-darmor.gouv.fr|cotes-darmor.pref.gouv.fr|creuse.gouv.fr|dordogne.gouv.fr|doubs.gouv.fr|drome.gouv.fr|eure.gouv.fr|eure-et-loir.gouv.fr|finistere.gouv.fr|finistere.pref.gouv.fr|corse-du-sud.gouv.fr|corse.gouv.fr|haute-corse.gouv.fr|gard.gouv.fr|haute-garonne.gouv.fr|gers.gouv.fr|gironde.gouv.fr|herault.gouv.fr|ille-et-vilaine.gouv.fr|ille-et-vilaine.pref.gouv.fr|indre.gouv.fr|indre-et-loire.gouv.fr|indre-et-loire.pref.gouv.fr|isere.gouv.fr|jura.gouv.fr|landes.gouv.fr|loir-et-cher.gouv.fr|loire.gouv.fr|haute-loire.gouv.fr|loire-atlantique.gouv.fr|loiret.gouv.fr|lot.gouv.fr|lot-et-garonne.gouv.fr|lozere.gouv.fr|maine-et-loire.gouv.fr|manche.gouv.fr|marne.gouv.fr|haute-marne.gouv.fr|mayenne.gouv.fr|meurthe-et-moselle.gouv.fr|meuse.gouv.fr|morbihan.gouv.fr|morbihan.pref.gouv.fr|moselle.gouv.fr|nievre.gouv.fr|nord.gouv.fr|oise.gouv.fr|orne.gouv.fr|pas-de-calais.gouv.fr|puy-de-dome.gouv.fr|pyrenees-atlantiques.gouv.fr|hautes-pyrenees.gouv.fr|pyrenees-orientales.gouv.fr|bas-rhin.gouv.fr|haut-rhin.gouv.fr|rhone.gouv.fr|haute-saone.gouv.fr|saone-et-loire.gouv.fr|saone-et-loire.pref.gouv.fr|sarthe.gouv.fr|savoie.gouv.fr|haute-savoie.gouv.fr|seine-maritime.gouv.fr|seine-et-marne.gouv.fr|yvelines.gouv.fr|deux-sevres.gouv.fr|somme.gouv.fr|tarn.gouv.fr|tarn-et-garonne.gouv.fr|var.gouv.fr|vaucluse.gouv.fr|vendee.gouv.fr|vienne.gouv.fr|haute-vienne.gouv.fr|vosges.gouv.fr|yonne.gouv.fr|territoire-de-belfort.gouv.fr|essonne.gouv.fr|hauts-de-seine.gouv.fr|seine-saint-denis.gouv.fr|val-de-marne.gouv.fr|val-doise.gouv.fr|guadeloupe.gouv.fr|guadeloupe.pref.gouv.fr|martinique.gouv.fr|martinique.pref.gouv.fr|guyane.gouv.fr|guyane.pref.gouv.fr|reunion.pref.gouv.fr|spm.gouv.fr|mayotte.gouv.fr|mayotte.pref.gouv.fr|spm975.gouv.fr|wallis-et-futuna.pref.gouv.fr|polynesie-francaise.gouv.fr|polynesie-francaise.pref.gouv.fr|nouvelle-caledonie.gouv.fr|saint-barth-saint-martin.gouv.fr|agrocampus-ouest.fr|agroparistech.fr|anses.fr|apca.chambagri.fr|asp-public.fr|bretagne.chambagri.fr|aude.chambagri.fr|ain.chambagri.fr|normandie.chambagri.fr|pl.chambagri.fr|occitanie.chambagri.fr|cnpf.fr|crpf.fr|chambord.org|educagri.fr|vet-alfort.fr|envt.fr|franceagrimer.fr|agencebio.org|ifce.fr|inao.gouv.fr|irstea.fr|agriculture.fr|agriculture.gouv.fr|prestataires.agriculture.gouv.fr|ain-rhone.msa.fr|alpesdunord.msa.fr|alpesvaucluse.msa.fr|alsace.msa.fr|ardechedromeloire.msa.fr|armorique.msa.fr|auvergne.msa.fr|bcl.msa.fr|berry-touraine.msa.fr|bourgogne.msa.fr|carsat-am.fr|ccmsa.msa.fr|charentes.msa.fr|cotesnormandes.msa.fr|cps-stbarth.msa.fr|dlg.msa.fr|franchecomte.msa.fr|grandsud.msa.fr|hautenormandie.msa.fr|imsa.msa.fr|languedoc.msa.fr|limousin.msa.fr|lorraine.msa.fr|mam.msa.fr|mayenne-orne-sarthe.msa.fr|mpn.msa.fr|mps.msa.fr|msa10-52.msa.fr|msa20.msa.fr|msa33.msa.fr|msa44-85.msa.fr|msa49.msa.fr|msa59-62.msa.fr|msa75.msa.fr|picardie.msa.fr|poitou.msa.fr|portesdebretagne.msa.fr|provence-azur.msa.fr|sudaquitaine.msa.fr|oceadom.fr|odeadom.fr|onf.fr|oniris-nantes.fr|agro-bordeaux.fr|agrosupdijon.fr|supagro.fr|telerecours.fr|vetagro-sup.fr|bpi.fr|bnf.fr|centrenationaldulivre.fr|centrepompidou.fr|chateaudefontainebleau.fr|chateauversailles.fr|cicrp.fr|citedelarchitecture.fr|cnap.fr|cnc.fr|cnm.fr|cnsad.fr|cnsmdp.fr|comedie-francaise.org|bordeaux.archi.fr|clermont-fd.archi.fr|grenoble.archi.fr|lille.archi.fr|lyon.archi.fr|marnelavallee.archi.fr|marseille.archi.fr|montpellier.archi.fr|paris-belleville.archi.fr|paris-lavillette.archi.fr|paris-malaquais.archi.fr|paris-valdeseine.archi.fr|rennes.archi.fr|rouen.archi.fr|st-etienne.archi.fr|strasbourg.archi.fr|toulouse.archi.fr|versailles.archi.fr|beauxartsparis.fr|ecoledulouvre.fr|ensa-bourges.fr|ensad.fr|ensa-dijon.fr|ensa-limoges.fr|ensa-nancy.fr|ensapc.fr|ensba.fr|ensci.com|ensp-arles.fr|femis.fr|ina.fr|inha.fr|inp.fr|inrap.fr|villette.com|eg-info.fr|culture.fr|culture.gouv.fr|mnhn.fr|monuments-nationaux.fr|mucem.org|sevresciteceramique.fr|louvre.fr|museeduluxembourg.fr|guimet.fr|musee-moreau.fr|musee-henner.fr|musee-marine.fr|musee-orangerie.fr|musee-orsay.fr|museepicassoparis.fr|quaibranly.fr|musee-rodin.fr|opera-comique.com|operadeparis.fr|oppic.fr|palais-portedoree.fr|passculture.app|rndp.fr|grandpalaisrmn.fr|rmngp.fr|theatre-odeon.fr|tns.fr|villa-arson.org|villamedici.it|acoss.fr|agence-adoption.fr|afpa.fr|biomedecine.fr|anap.fr|agencedusport.fr|anact.fr|esante.gouv.fr|esante.si-samu.fr|ansm.sante.fr|ansp.gouv.fr|apa.gouv.fr|agence-regionale-sante.fr|agence-regionale-sante.gouv.fr|ars.gouv.fr|ars.sante.fr|orca-chirurgie-ambulatoire-ars-idf.fr|atih.sante.fr|biep.gouv.fr|cab-ville.gouv.fr|ci.handicap.gouv.fr|cnav.fr|cnefop.gouv.fr|contribution.gouv.fr|deets.gouv.fr|dieccte.gouv.fr|direccte.gouv.fr|dif.gouv.fr|diges.gouv.fr|ddc.social.gouv.fr|dmp.gouv.fr|djscs.gouv.fr|drjscs.gouv.fr|jscs.gouv.fr|drieets.gouv.fr|droits-femmes.gouv.fr|economie-solidaire.gouv.fr|efs.sante.fr|epms-le-littoral.net|epms-le-littoral.org|epnak.org|externes.sg.social.gouv.fr|famille-enfance.gouv.fr|famille.gouv.fr|france-enfance-protegee.fr|fiva.fr|formation.gouv.fr|francetravail.fr|pole-emploi.fr|fvjs.gouv.fr|handicap.gouv.fr|has-sante.fr|hcf-famille.fr|hcf.famille.gouv.fr|health-data-hub.fr|igas.gouv.fr|injep.fr|insep.fr|institutcancer.fr|integration.gouv.fr|ints.fr|jeunesse-solidarites-actives.gouv.fr|jeunesse-vie-associative.gouv.fr|maisoncohesionsociale.gouv.fr|medecine-de-proximite.fr|memoiresante.gouv.fr|metiersdugrandage.gouv.fr|cab.social-sante.gouv.fr|sg.social.gouv.fr|social.gouv.fr|social-sante.gouv.fr|sante-famille-handicap.gouv.fr|sante.gouv.fr|sante-jeunesse-sports.gouv.fr|sante-sports.gouv.fr|sante-travail.gouv.fr|feddf.gouv.fr|femmes-egalite.gouv.fr|femmesegalite.gouv.fr|femmes.gouv.fr|cab-emploi.gouv.fr|cab.travail-sante.gouv.fr|dreets.gouv.fr|emploidesseniors.gouv.fr|emploi.gouv.fr|externes.emploi.gouv.fr|travail-emploi-sante.gouv.fr|travail.gouv.fr|travail-sante.gouv.fr|miprof.gouv.fr|mnc.sante.gouv.fr|observatoire-parite.gouv.fr|oniam.fr|personnes-agees.gouv.fr|personnesagees.gouv.fr|point-info-famille.fr|pointinfofamille.fr|politique-ville.gouv.fr|precarite.gouv.fr|reforme-assurance-maladie.gouv.fr|retraites.gouv.fr|santepubliquefrance.fr|servicesalapersonne.gouv.fr|sg-social.gouv.fr|solidarite.gouv.fr|terminologie.jeunesse-sports.gouv.fr|transparence-sante.gouv.fr|unedic.fr|ville.gouv.fr|ville-jeunesse-sports.gouv.fr|vjs.gouv.fr|aefe.fr|aefe-proche-orient.net|assemblee-afe.fr|cpf.edu.lb|glfl.edu.lb|lak.edu.lb|lyceefrancais.be|ambafrance-us.org|ambafrance-euc.fr|campusfrance.org|commission-refugies.fr|consulfrance-jerusalem.org|expertisefrance.fr|france-volontaires.org|institutfrancais-chine.com|institutfrancais.com|institutfrancais.de|institutfrancais.jp|institutfrancais-malabo.org|diplo.gouv.fr|diplomatie.gouv.fr|frenchculture.org|action-publique.gouv.fr|afa.gouv.fr|afd.fr|aft.gouv.fr|ape.gouv.fr|anc.gouv.fr|anfr.fr|apie.gouv.fr|applications.apie.gouv.fr|attachefiscal.org|autorite-statistique-publique.fr|businessfrance.fr|cades.fr|cnis.fr|comite-du-label.fr|comite-du-secret.fr|conseil-concurrence.fr|csn.gouv.fr|csnp.fr|dgccrf.finances.gouv.fr|scl.finances.gouv.fr|var.dgccrf.finances.gouv.fr|entreprises.gouv.fr|dgfip.finances.gouv.fr|dgtresor.gouv.fr|douane.finances.gouv.fr|douanes.finances.gouv.fr|uip.pnr.gouv.fr|ensae.fr|ensai.fr|epaf.asso.fr|epora.fr|syndicats.finances.gouv.fr|fete-gastronomie.fr|fonction-publique.gouv.fr|fondsdesoutien.gouv.fr|galileo.finances.gouv.fr|ie.gouv.fr|iedom-ieom.fr|ifpen.fr|imt-atlantique.fr|imt-mines-albi.fr|mines-albi.fr|industrie.gouv.fr|territoires-industrie.gouv.fr|infos.pnr.gouv.fr|inpi.fr|insee.fr|lne.fr|prestataire.finances.gouv.fr|bercybox.finances.gouv.fr|cabinets.finances.gouv.fr|diffusion.minefi.gouv.fr|finances.gouv.fr|minefi.gouv.fr|studio-sircom.fr|igf.finances.gouv.fr|monnaiedeparis.fr|ofgl.fr|erafp.fr|recrutement.fonction-publique.gouv.fr|reforme-territoriale.gouv.fr|scl.finances.fr|service-eco.fr|sgci.gouv.fr|teldoc.sgci.gouv.fr|telecom.gouv.fr|telecom-paris.fr|ugap.fr|uip.pnr.gouv.fr|abes.fr|ac-amiens.fr|ac-puy-de-dome.gouv.fr|ac-besancon.fr|ac-bordeaux.fr|ac-caen.fr|ac-clermont.fr|ac-corse.fr|ac-creteil.fr|ac-dijon.fr|ac-grenoble.fr|ac-guadeloupe.fr|ac-guyane.fr|ac-lille.fr|ac-limoges.fr|ac-lyon.fr|ac-martinique.fr|ac-mayotte.fr|ac-montpellier.fr|ac-nancy-metz.fr|ac-nantes.fr|ac-normandie.fr|ac-noumea.nc|ac-orleans-tours.fr|ac-paris.fr|ac-poitiers.fr|ac-polynesie.pf|ac-reims.fr|ac-rennes.fr|ac-reunion.fr|ac-rouen.fr|ac-spm.fr|ac-strasbourg.fr|ac-toulouse.fr|ac-versailles.fr|ac-wf.wf|access42.net|amue.fr|agencerecherche.fr|anr.fr|bnu.fr|brgm.fr|cea.fr|centrale-marseille.fr|student.ecp.fr|ciep.fr|cines.fr|cirad.fr|clemi.fr|cnam.fr|lecnam.net|ac-cned.fr|cned.fr|cnes.fr|cnous.fr|admin.in2p3.fr|apc.in2p3.fr|atilf.fr|cc.in2p3.fr|ccsd.cnrs.fr|cenbg.in2p3.fr|clermont.in2p3.fr|cnrs-dir.fr|cnrs.fr|cnrs-imn.eu|cppm.in2p3.fr|crhea.cnrs.fr|dir-cnrs.fr|dr19.cnrs.fr|dr20.cnrs.fr|dr5.cnrs.fr|dsi.cnrs.fr|ganil.fr|icmcb.cnrs.fr|ijclab.in2p3.fr|in2p3.fr|inist.fr|ip2i.in2p3.fr|iphc.cnrs.fr|ipno.in2p3.fr|ipsl.fr|l2it.in2p3.fr|lal.in2p3.fr|lapp.in2p3.fr|latmos.ipsl.fr|llr.in2p3.fr|lma.in2p3.fr|lp2ib.in2p3.fr|lpccaen.in2p3.fr|lpnhe.in2p3.fr|lpsc.in2p3.fr|lupm.in2p3.fr|omega.in2p3.fr|subatech.in2p3.fr|doctorat-bretagne.fr|creps-bordeaux.sports.gouv.fr|creps-centre.sports.gouv.fr|creps-dijon.sports.gouv.fr|creps-idf.fr|creps-idf.sports.gouv.fr|creps-lorraine.sports.gouv.fr|creps-montpellier.sports.gouv.fr|creps-paca.sports.gouv.fr|creps-pap.sports.gouv.fr|creps-pdl.sports.gouv.fr|creps-poitiers.sports.gouv.fr|creps-reims.sports.gouv.fr|creps-reunion.sports.gouv.fr|creps-rhonealpes.sports.gouv.fr|creps-strasbourg.sports.gouv.fr|creps-toulouse.sports.gouv.fr|creps-vichy.sports.gouv.fr|creps-wattignies.sports.gouv.fr|crous-creteil.fr|crous-grenoble.fr|crous-lyon.fr|crous-reunionmayotte.fr|crous-montpellier.fr|crous-nantes.fr|crous-nice.fr|crous-reunion.fr|crous-strasbourg.fr|crous-toulouse.fr|crous-versailles.fr|ctles.fr|drrt.u-strasbg.fr|centralesupelec.fr|ec-lyon.fr|ec-nantes.fr|ehesp.fr|enit.fr|ens.fr|ens.psl.eu|ensam.eu|ensc.bordeaux-inp.fr|ensea.fr|ensfea.fr|ens-lyon.fr|enssib.fr|epaurif.fr|ephe.psl.eu|agence-erasmus.fr|espace.gouv.fr|france-education-international.fr|ftlvreunion.fr|france-universite-numerique.fr|fun-mooc.fr|mongreta.fr|hceres.fr|huma-num.fr|ibcp.fr|france-bioinformatique.fr|ifremer.fr|igesr.gouv.fr|ihest.fr|imbe.fr|inalco.fr|ined.fr|inetum.world|toulouse-inp.fr|inrae.fr|inra.fr|inria.fr|insa-cvl.fr|insa-lyon.fr|insa-rouen.fr|insa-toulouse.fr|inserm.fr|inshea.fr|ipev.fr|ird.fr|irisa.fr|ensma.fr|iut-tlse3.fr|iut-tarbes.fr|crenau.archi.fr|nancy.archi.fr|nantes.archi.fr|loria.fr|institut-agro.fr|lycee-verdun.edu.lb|enseignementsup-recherche.gouv.fr|recherche.gouv.fr|enseignementsup.gouv.fr|parcoursup.fr|cabinet.education.fr|education.gouv.fr|imt-lille-douai.fr|diffusion.jeunesse-sports.gouv.fr|diffusion.ville-jeunesse-sports.gouv.fr|envsn.sports.gouv.fr|jeunesse-sports.gouv.fr|sportsdenature.gouv.fr|sports.gouv.fr|technologie.gouv.fr|onisep.fr|pix.fr|region-academique-aura.fr|region-academique-auvergne-rhone-alpes.fr|region-academique-bfc.fr|region-academique-bourgogne-franche-comte.fr|region-academique-bretagne.fr|region-academique-centre-val-de-loire.fr|region-academique-corse.fr|region-academique-grand-est.fr|region-academique-guadeloupe.fr|region-academique-guyane.fr|region-academique-hauts-de-france.fr|region-academique-idf.fr|region-academique-ile-de-france.fr|region-academique-martinique.fr|region-academique-mayotte.fr|region-academique-normandie.fr|region-academique-nouvelle-aquitaine.fr|region-academique-occitanie.fr|ac-aix-marseille.fr|ac-nice.fr|region-academique-paca.fr|region-academique-pays-de-la-loire.fr|region-academique-provence-alpes-cote-dazur.fr|region-academique-reunion.fr|prestataire.renater.fr|renater.fr|reseau-canope.fr|sciencespo-lyon.fr|sciencespo.fr|sciencespo-toulouse.fr|diffusion.service-civique.gouv.fr|service-civique.gouv.fr|siec.education.fr|synchrotron-soleil.fr|unif.fr|univ-amu.fr|univ-angers.fr|univ-antilles.fr|u-bordeaux.fr|u-bourgogne.fr|univ-brest.fr|unicaen.fr|cyu.fr|uca.fr|univ-cotedazur.fr|universcience.fr|u-bordeaux-montaigne.fr|universite-lyon.fr|u-picardie.fr|dauphine.psl.eu|sorbonne-paris-nord.fr|univ-evry.fr|univ-fcomte.fr|univ-grenoble-alpes.fr|ifsttar.fr|univ-eiffel.fr|uha.fr|univ-lr.fr|univ-lehavre.fr|univ-lemans.fr|univ-lille.fr|unilim.fr|univ-lorraine.fr|univ-lyon1.fr|univ-lyon2.fr|univ-lyon3.fr|umontpellier.fr|univ-montp3.fr|univ-nantes.fr|univ-orleans.fr|univ-paris-diderot.fr|u-paris.fr|sorbonne-universite.fr|univ-paris1.fr|univ-paris13.fr|u-paris2.fr|iu2t.univ-paris8.fr|parisdescartes.fr|u-pec.fr|parisnanterre.fr|universite-paris-saclay.fr|univ-perp.fr|univ-poitiers.fr|e2s-uppa.eu|univ-pau.fr|univ-reims.fr|univ-rennes1.fr|univ-rennes2.fr|univ-reunion.fr|univ-rouen.fr|sorbonne-nouvelle.fr|astro.unistra.fr|unistra.fr|univ-tln.fr|ut-capitole.fr|univ-tlse3.fr|univ-tlse2.fr|univ-tours.fr|uvsq.fr|univ-ubs.fr|bmpm.gouv.fr|pompiersparis.fr|cncmfe.gouv.fr|dicod.fr|academie.defense.gouv.fr|academie.def.gouv.fr|ecole-air.fr|ecole-navale.fr|ecpad.fr|ensta-bretagne.fr|ensta-paristech.fr|epide.fr|externe.epide.fr|stagiaire.epide.fr|ihedn.fr|invalides.fr|irsem.fr|isae-supaero.fr|defense.gouv.fr|def.gouv.fr|intradef.gouv.fr|pibude.com|musee-armee.fr|nrbce.gouv.fr|onacvg.fr|onera.fr|polytechnique.edu|shom.fr|acal.gouv.fr|alpc.gouv.fr|ccsp.fr|outre-mer.gouv.fr|ensosp.fr|europol.europa.eu|europolhq.net|fr.europol.net|gendarmerie.defense.gouv.fr|gendarmerie.interieur.gouv.fr|iga.interieur.gouv.fr|ihemi.fr|iminidco.gouv.fr|immigration-integration.gouv.fr|internet-mineurs.gouv.fr|ladom.fr|lrmp.gouv.fr|decentralisation.gouv.fr|fimad.gouv.fr|hebergement2.interieur-gouv.fr|hebergement.interieur-gouv.fr|interieur.gouv.fr|signale.internet-mineurs.gouv.fr|npdcp.gouv.fr|ofii.fr|ofpra.gouv.fr|ofpra.gouv.fr|rsmar.re|ara.gouv.fr|auvergne-rhone-alpes.gouv.fr|auvergne-rhone-alpes.pref.gouv.fr|rhone-alpes.pref.gouv.fr|bfc.gouv.fr|bretagne.gouv.fr|bretagne.pref.gouv.fr|centre-val-de-loire.gouv.fr|grand-est.gouv.fr|hauts-de-france.gouv.fr|ile-de-france.gouv.fr|paris.gouv.fr|paris-idf.gouv.fr|nouvelle-aquitaine.gouv.fr|nouvelle-aquitaine.pref.gouv.fr|normandie.gouv.fr|occitanie.gouv.fr|paca.gouv.fr|pays-de-la-loire.gouv.fr|pays-de-la-loire.pref.gouv.fr|taaf.fr|agrasc.gouv.fr|apij-justice.fr|gip-ierdj.fr|externes.justice.gouv.fr|justice.fr|justice.gouv.fr|tc-paris.org|ademe.fr|eau-adour-garonne.fr|eau-rhin-meuse.fr|eaurmc.fr|aesn.fr|eau-seine-normandie.fr|anah.gouv.fr|anct.gouv.fr|cget.gouv.fr|conseiller-numerique.fr|andra.fr|angdm.fr|anru.fr|arb-na.fr|asi-aeroports.fr|acnusa.fr|bea.aero|cbnmed.fr|cerema.fr|cglls.fr|cndaspe.fr|cnphl.gouv.fr|conservatoire-du-littoral.fr|cop21.gouv.fr|cstb.fr|aviation-civile.gouv.fr|regis-dgac.net|dgcl.gouv.fr|dialogue-trianon.fr|dihal.gouv.fr|eau-artois-picardie.fr|enac.fr|enim.eu|enpc.fr|ensm-sports.gouv.fr|supmaritime.fr|entpe.fr|epfbretagne.fr|epfpaca.com|epfprovencealpescotedazur.fr|epnc.fr|securite-ferroviaire.fr|fnap-logement.fr|francemobilites.fr|frenchmobility.fr|granddebat.fr|port-guadeloupe.com|hautconseildesbiotechnologies.fr|igacem.gouv.fr|ign.fr|ineris.fr|info-routiere.gouv.fr|irsn.fr|collectivites-territoriales.gouv.fr|meteo.fr|meteofrance.fr|cohesion-territoires.gouv.fr|territoires.gouv.fr|agriculture-equipement.gouv.fr|transports.gouv.fr|cidol.logement.gouv.fr|didol.logement.gouv.fr|logement.gouv.fr|tourisme.gouv.fr|accessibilite.gouv.fr|biodiversite.gouv.fr|climat-energie.gouv.fr|cvtheque-ecologie.ader.gouv.fr|developpement-durable.gouv.fr|ecologie.gouv.fr|ecologie-territoires.gouv.fr|ecologique-solidaire.gouv.fr|equipement.gouv.fr|transition-energetique.gouv.fr|mrccfr.eu|mrscfr.eu|i-carre.net|afbiodiversite.fr|espaces-naturels.fr|ofb.gouv.fr|oncfs.gouv.fr|calanques-parcnational.fr|forets-parcnational.fr|pyrenees-parcnational.fr|guadeloupe-parcnational.fr|portcros-parcnational.fr|cevennes-parcnational.fr|mercantour-parcnational.fr|guyane-parcnational.fr|reunion-parcnational.fr|ratp.fr|societedugrandparis.fr|vnf.fr|sdis.fr|sdis01.fr|sdis02.fr|sdis03.fr|sdis04.fr|sdis05.fr|sdis06.fr|sdis07.fr|sdis08.com|sdis09.fr|sdis10.fr|intranet-sdis11.fr|sdis11.fr|sdis12.fr|sdis13.fr|sdis14.fr|sdis15.fr|sdis16.fr|sdis17.fr|sdis18.fr|sdis19.fr|sdis20.fr|sdis21.fr|sdis22.fr|sdis23.com|sdis24.fr|sdis25.fr|sdis26.fr|sdis27.fr|sdis28.fr|sdis29.fr|sdis30.fr|sdis31.fr|sdis32.fr|sdis33.fr|sdis34.fr|sdis35.fr|sdis36.org|sdis37.fr|sdis38.fr|sdis39.fr|sdis40.fr|sdis41.fr|sdis42.fr|sdis43.fr|sdis44.fr|sdis45.fr|sdis46.fr|sdis47.fr|sdis48.fr|sdis49.fr|sdis50.fr|sdis51.fr|sdis52.fr|sdis53.fr|sdis54.fr|sdis55.fr|sdis56.fr|sdis57.fr|sdis58.fr|sdis59.fr|sdis60.fr|sdis61.fr|sdis62.fr|sdis63.fr|pompiers64.fr|sdis64.fr|sdis65.fr|sdis66.fr|sdis67.fr|sdis68.fr|sdis69.fr|sdis70.fr|sdis71.fr|sdis72.fr|sdis73.fr|sdis74.fr|sdis76.fr|sdis77.fr|sdis78.fr|sdis79.fr|sdis80.fr|sdis81.fr|sdis82.fr|sdis83.fr|sdis84.fr|sdis85.com|sdis-vendee.fr|sdis86.net|sdis87.fr|sdis88.fr|sdis89.fr|sdis90.fr|sdis91.fr|sdis92.fr|sdis93.fr|sdis94.fr|sdis95.fr|sdis971.fr|sdis972.fr|sdis973.fr|sdis974.re|sdis975.fr|sdis976.fr|sdmis.fr|acte-etat-civil.fr|cfssi.gouv.fr|cybermalveillance.gouv.fr|ssi.gouv.fr|civs.gouv.fr|clcf.gouv.fr|coe.gouv.fr|comite-ethique.gouv.fr|cor-retraites.fr|df.gouv.fr|dila.gouv.fr|service-public.fr.preprod.ext.dila.fr|service-public.fr.qualif.ext.dila.fr|api.gouv.fr|beta.gouv.fr|data.gouv.fr|exploitannuaire3.ader.gouv.fr|exploitannuaire.ader.gouv.fr|formulaires.ader.gouv.fr|maia3.ader.gouv.fr|mail.numerique.gouv.fr|pre-exploitannuaire.ader.gouv.fr|prestataire.modernisation.gouv.fr|scn.rie.gouv.fr|modernisation.gouv.fr|eleve.ena.fr|ena.fr|fpred.gouv.fr|fpre.gouv.fr|strategie.gouv.fr|gic.gouv.fr|hautconseilclimat.fr|hci.gouv.fr|hci.pm.gouv.fr|inhesj.fr|eleve.insp.gouv.fr|insp.gouv.fr|eleve.ira-bastia.gouv.fr|eleve.ira-lille.fr|eleve.ira-lyon.gouv.fr|eleve.ira-metz.gouv.fr|eleve.ira-nantes.gouv.fr|eleves.ira-bastia.gouv.fr|ira-bastia.gouv.fr|ira-lille.fr|ira-lille.gouv.fr|ira-lyon.gouv.fr|ira-metz.gouv.fr|ira-nantes.gouv.fr|promo51.ira-metz.gouv.fr|promo52.ira-metz.gouv.fr|promo53.ira-metz.gouv.fr|promo54.ira-metz.gouv.fr|promo55.ira-metz.gouv.fr|stagiaire.ira-bastia.gouv.fr|stagiaire.ira-lille.gouv.fr|stagiaire.ira-lyon.gouv.fr|stagiaire.ira-metz.gouv.fr|stagiaire.ira-nantes.fr|stagiare.ira-nantes.gouv.fr|journal-officiel.gouv.fr|ladocfrancaise.gouv.fr|ladocumentationfrancaise.fr|cabinet.fonction-publique.gouv.fr|transformation.gouv.fr|cofgc.gouv.fr|mer.gouv.fr|numerique.gouv.fr|service-public.fr|notification.service-public.fr|pm.ader.gouv.fr|pm.gouv.fr|premier-ministre.gouv.fr|sircom.porte-parole.gouv.fr|spm2.gouv.fr|vie-publique.fr|sgae.gouv.fr|sgdsn.gouv.fr|sgg.pm.gouv.fr|kiosque-sig.gouv.fr|vie-publique.fr|caf04.caf.fr|caf65.caf.fr|caf66.caf.fr|caf89.caf.fr|cafbordeaux.cnafmail.fr|caf.fr|cafisere.cnafmail.fr|cafnantes.cnafmail.fr|cafperpignan.cnafmail.fr|cafseine-maritime.cnafmail.fr|cnaf.fr|carsat-aquitaine.fr|carsat-auvergne.fr|carsat-bfc.fr|carsat-bretagne.fr|carsat-centre.fr|carsat-centreouest.fr|carsat-lr.fr|carsat-mp.fr|carsat-nordest.fr|carsat-nordpicardie.fr|carsat-normandie.fr|carsat-pl.fr|carsat-ra.fr|carsat-sudest.fr|assurance-maladie.fr|assurance-maladie.gouv.fr|cgss971.msa.fr|cgss972.msa.fr|cgss973.msa.fr|cgss974.msa.fr|cgss-guadeloupe.fr|cgss-guyane.fr|cgss-martinique.fr|cgss.re|cnmss.fr|accoss.fr|urssaf.fr|agirc-arrco.fr|cbcm.social.gouv.fr|giphabitat.org|grandparisamenagement.fr|mairie-grigny69.fr|saint-andre.org|sgp.fr|univ-guyane.fr|museeairespace.fr|iae.pantheonsorbonne.fr|cabinets.industrie.gouv.fr|splain-ecolesmarseillaises.fr|cabinets.budget.gouv.fr|cabinets.transformation.gouv.fr|cabinets.numerique.gouv.fr|cabinets.economie.gouv.fr|tourisme.finances.gouv.fr|externes.justice.fr|enib.fr|imt.fr|cnfpt.fr|college-de-france.fr|univ-smb.fr|esante-occitanie.fr|testchangement3.fr|mairie-lyon.fr|grandlyon.com|ville-corbas.fr|ville-givors.fr|mairie-grigny69.fr|ville-rivedegier.fr|ville-venissieux.fr|mairie-vaulxenvelin.fr|saint-chamond.fr|sitiv.fr|sb-roscoff.fr|hli-presquile.fr|bordeaux.archi.fr|hl-corcoue.fr|chu-nantes.fr|hl-clisson.fr|ch-saintnazaire.fr|agile.immo|eurenormandienumerique.fr|ch-erdreloire.fr|ch-gdaumezon.fr|ch-cnp.fr|ch-savenay.fr|hli-presquille.fr|hipr44.fr|ch-epsylan.fr|ch-maubreuil.fr|paris-est.archi.fr|ensaama.net|eure-et-loir.pref.gouv.fr|hopital-sevre-loire.fr|peren.gouv.fr|inspe-bretagne.fr|univ-brest.fr|msa-services-sc.fr)%